Workbook

Sheet Resumen Ejecutivo
A1: Indicador | B1: Valor | C1: Observaciones
A2: CAPEX Total | B2: =CAPEX!G12 -> 26240000
A3: Costos 3 meses | B3: =OPEX!E7 -> 782622
A4: OPEX Total Anual | B4: =SUM(OPEX!F7) -> 3130488
A5: Costo total 3 años | B5: =OPEX!G7 -> 9391464
A6: Costo total 5 años | B6: =OPEX!H7 -> 15652440
A8: TOTAL | B8: =SUM(B2:B7) -> 55197014

Sheet CAPEX
A1: Categoría | B1: Descripción | C1: Proveedor | D1: Costo por hora | E1: Horas Estimadas | F1: Costo unitario | G1: Costo total | H1: Responsable | I1: Observaciones
A2: API REST | B2: Endpoints CRUD para productos, usuarios, pedidos | C2: Desarrolladores | D2: 20000 | E2: 30 | F2: =D2*E2 -> 600000 | G2: =D2*E2 -> 600000 | H2: Desarrolladores
A3: Base de Datos | B3: Modelado, consultas, normalización | C3: Desarrolladores | D3: 20000 | E3: 35 | F3: 1700000 | G3: =D3*E3 -> 700000 | H3: Desarrolladores
A4: Seguridad | B4: Tokens, encriptación, permisos | C4: Desarrolladores | D4: 20000 | E4: 35 | F4: 2100000 | G4: =D4*E4 -> 700000 | H4: Desarrolladores
A5: Integraciones | B5: Pasarela de pagos, notificaciones | C5: Desarrolladores | D5: 20000 | E5: 40 | F5: 0 | G5: =D5*E5 -> 800000 | H5: Desarrolladores
A6: Panel Admin | B6: Gestión de inventario, pedidos, usuarios | C6: Desarrolladores | D6: 20000 | E6: 38 | F6: 2086000 | G6: =D6*E6 -> 760000 | H6: Desarrolladores
A7: Diseño UI/UX | B7: Wireframes, mockups, experiencia de usuario | C7: Desarrolladores | D7: 20000 | E7: 45 | F7: 2000000 | G7: =D7*E7 -> 900000 | H7: Desarrolladores
A8: Catálogo Interactivo | B8: Filtros, paginación, vista detallada | C8: Desarrolladores | D8: 20000 | E8: 30 | F8: 1200000 | G8: =D8*E8 -> 600000 | H8: Desarrolladores
A9: Carrito de Compras | B9: Flujo de compra completo | C9: Desarrolladores | D9: 20000 | E9: 30 | F9: 1000000 | G9: =D9*E9 -> 600000 | H9: Desarrolladores
A10: Checkout Seguro | B10: Formulario, validaciones, integración pasarela | C10: Desarrolladores | D10: 20000 | E10: 25 | F10: 800000 | G10: =D10*E10 -> 500000 | H10: Desarrolladores
A11: Responsive Design | B11: Adaptación móvil, tablet, desktop | C11: Desarrolladores | D11: 20000 | E11: 20 | F11: 1000000 | G11: 1000000 | H11: Desarrolladores
A12: Nomina | B12: Nomina del personal del desarrollo | C12: Desarrolladores | D12: 20000 | E12: 328 | G12: 26240000 | I12: El valor 328 es el resultado de la suma de horas totales
B121: Diseño UI/UX
A122: Actividad | B122: Horas | C122: Tarifa | D122: Costo
A123: Wireframes | B123: 20 h | C123: 55000 | D123: 1100000
A124: Mockups Alta Fidelidad | B124: 20 h | C124: 55000 | D124: 1100000
A125: Prototipo Navegable | B125: 10 h | C125: 55000 | D125: 550000
A126: Total | D126: =D125+D124+D123 -> 2750000

Sheet OPEX
A1: Categoría | B1: Descripción | C1: Periodicidad | D1: Costo unitario | E1: Costos 3 meses | F1: Costo anual | G1: Costo 3 años | H1: Costo 5 años | I1: Observaciones
A2: Hosting Cloud | B2: Hostinger | C2: Desarrolladores | D2: 25000 | E2: =SUM(D2*3) -> 75000 | F2: =D2*12 -> 300000 | G2: =D2*36 -> 900000 | H2: =D2*60 -> 1500000
A3: Dominio | B3: Hostinger | C3: Desarrolladores | D3: 61000 | E3: =SUM(D3*3) -> 183000 | F3: =D3*12 -> 732000 | G3: =D3*36 -> 2196000 | H3: =D3*60 -> 3660000
A4: SSL | B4: Certificado de seguridad | C4: Desarrolladores | D4: 46000 | E4: =SUM(D4*3) -> 138000 | F4: =D4*12 -> 552000 | G4: =D4*36 -> 1656000 | H4: =D4*60 -> 2760000
A5: CDN | B5: Cloudflare | C5: Desarrolladores | D5: 95000 | E5: =SUM(D5*3) -> 285000 | F5: =D5*12 -> 1140000 | G5: =D5*36 -> 3420000 | H5: =D5*60 -> 5700000
A6: Monitoreo | B6: Logs, métricas, uptime : Uptime.com / ServiceUptime /Pingdom | C6: Desarrolladores | D6: 33874 | E6: =SUM(D6*3) -> 101622 | F6: =D6*12 -> 406488 | G6: =D6*36 -> 1219464 | H6: =D6*60 -> 2032440
A7: Total | E7: =SUM(E6+E5+E4+E3+E2) -> 782622 | F7: =F6+F5+F4+F3+F2 -> 3130488 | G7: =G6+G5+G4+G3+G2 -> 9391464 | H7: =H6+H5+H4+H3+H2 -> 15652440

Sheet Cloud
A1: Recurso Cloud | B1: SKU | C1: Unidad | D1: Consumo estimado | E1: Costo unitario | F1: Costo mensual | G1: Costo anual | H1: Costo 3 años

Sheet Graficos

Sheet Riesgos
